"Date","Price","Open","High","Low","Vol.","Change %"
"10/12/2025","98.82","98.96","99.48","98.66","","-0.16%"
"10/05/2025","98.98","97.96","99.56","97.96","","1.28%"
"09/28/2025","97.72","98.17","98.18","97.46","","-0.44%"
"09/21/2025","98.15","97.65","98.61","97.20","0.00K","0.52%"
"09/14/2025","97.64","97.63","97.81","96.22","","0.10%"
"09/07/2025","97.55","97.79","98.09","97.25","","-0.22%"
"08/31/2025","97.77","97.83","98.64","97.43","","0.00%"
"08/24/2025","97.77","97.72","98.73","97.69","","0.06%"
"08/17/2025","97.72","97.79","98.83","97.56","","-0.14%"
"08/10/2025","97.85","98.24","99.32","97.63","","-0.33%"
"08/03/2025","98.18","98.65","99.07","97.94","","-0.97%"
"07/27/2025","99.14","97.58","100.26","97.49","","1.53%"
"07/20/2025","97.64","98.36","98.51","97.11","","-0.85%"
"07/13/2025","98.48","97.96","98.95","97.71","","0.64%"
"07/06/2025","97.85","96.96","97.96","96.89","","0.92%"
"06/29/2025","96.96","97.18","97.42","96.38","0.01K","-0.45%"
"06/22/2025","97.40","99.09","99.42","97.00","0.00K","-1.32%"
"06/15/2025","98.71","98.26","99.16","97.68","0.00K","0.53%"
"06/08/2025","98.18","99.20","99.39","97.60","0.00K","-1.01%"
"06/01/2025","99.19","99.41","99.42","98.35","0.00K","-0.14%"
"05/25/2025","99.33","99.09","100.54","98.69","0.00K","0.22%"
"05/18/2025","99.11","100.90","100.90","99.05","0.00K","-1.96%"
"05/11/2025","101.09","100.69","101.98","100.27","0.00K","0.75%"
"05/04/2025","100.34","100.00","100.86","99.17","0.00K","0.31%"
"04/27/2025","100.03","99.61","100.38","98.90","0.00K","0.56%"
"04/20/2025","99.47","99.08","99.94","97.92","0.00K","0.10%"
"04/13/2025","99.38","100.02","100.28","99.17","0.00K","-0.73%"
"04/06/2025","100.10","103.07","103.54","99.01","0.00K","-2.84%"
"03/30/2025","103.02","104.01","104.39","101.27","0.00K","-0.98%"
"03/23/2025","104.04","104.15","104.68","103.84","0.01K","-0.04%"
"03/16/2025","104.09","103.74","104.22","103.20","0.00K","0.36%"
"03/09/2025","103.72","103.90","104.09","103.22","0.00K","-0.12%"
"03/02/2025","103.84","107.56","107.56","103.46","0.00K","-3.51%"
"02/23/2025","107.61","106.64","107.66","106.13","0.00K","0.94%"
"02/16/2025","106.61","106.79","107.38","106.33","0.00K","-0.09%"
"02/09/2025","106.71","108.10","108.52","106.57","0.00K","-1.23%"
"02/02/2025","108.04","108.50","109.88","107.30","0.00K","-0.30%"
"01/26/2025","108.37","107.46","108.57","106.97","0.00K","0.86%"
"01/19/2025","107.44","109.40","109.47","107.22","0.00K","-1.74%"
"01/12/2025","109.35","109.64","110.18","108.60","0.00K","-0.28%"
"01/05/2025","109.65","108.92","109.97","107.75","0.00K","0.64%"
"12/29/2024","108.95","108.01","109.53","107.74","","0.88%"
"12/22/2024","108.00","107.82","108.30","107.68","","0.35%"
"12/15/2024","107.62","106.94","108.54","106.70","","0.58%"
"12/08/2024","107.00","105.97","107.19","105.80","","0.89%"
"12/01/2024","106.06","105.83","106.73","105.42","","0.30%"
"11/24/2024","105.74","107.49","107.50","105.61","","-1.69%"
"11/17/2024","107.55","106.67","108.07","106.11","","0.81%"
"11/10/2024","106.69","104.95","107.06","104.93","","1.61%"
"11/03/2024","105.00","104.32","105.44","103.37","","0.69%"
"10/27/2024","104.28","104.32","104.64","103.68","","0.02%"
"10/20/2024","104.26","103.46","104.57","103.42","","0.74%"
"10/13/2024","103.49","102.92","103.87","102.93","","0.59%"
"10/06/2024","102.89","102.49","103.18","102.29","","0.36%"
"09/29/2024","102.52","100.42","102.69","100.18","","2.13%"
"09/22/2024","100.38","100.74","101.23","100.16","","-0.34%"
"09/15/2024","100.72","101.04","101.47","100.21","","-0.39%"
"09/08/2024","101.11","101.19","101.84","100.88","","-0.06%"
"09/01/2024","101.18","101.73","101.92","100.58","","-0.51%"
"08/25/2024","101.70","100.68","101.78","100.51","","0.97%"
"08/18/2024","100.72","102.40","102.48","100.60","","-1.70%"
"08/11/2024","102.46","103.15","103.31","102.27","","-0.65%"
"08/04/2024","103.14","103.22","103.55","102.16","","-0.07%"
"07/28/2024","103.21","104.33","104.80","103.13","","-1.06%"
"07/21/2024","104.32","104.36","104.56","104.08","","-0.08%"
"07/14/2024","104.40","104.08","104.51","103.65","","0.29%"
"07/07/2024","104.09","104.88","105.21","104.04","","-0.75%"
"06/30/2024","104.88","105.85","106.05","104.82","","-0.94%"
"06/23/2024","105.87","105.83","106.13","105.37","","0.07%"
"06/16/2024","105.80","105.51","105.92","105.13","","0.23%"
"06/09/2024","105.55","104.93","105.81","104.26","","0.63%"
"06/02/2024","104.89","104.63","104.95","103.99","","0.20%"
"05/26/2024","104.67","104.75","105.18","104.33","","-0.05%"
"05/19/2024","104.72","104.50","105.12","104.39","","0.27%"
"05/12/2024","104.44","105.31","105.46","104.08","","-0.81%"
"05/05/2024","105.30","105.08","105.74","104.87","","0.26%"
"04/28/2024","105.03","106.09","106.49","104.52","","-0.86%"
"04/21/2024","105.94","106.12","106.39","105.41","","-0.20%"
"04/14/2024","106.15","106.01","106.52","105.74","","0.11%"
"04/07/2024","106.04","104.29","106.11","103.88","","1.67%"
"03/31/2024","104.30","104.49","105.10","103.92","","-0.24%"
"03/24/2024","104.55","104.43","104.73","104.01","","0.07%"
"03/17/2024","104.47","103.45","104.50","103.17","","1.01%"
"03/10/2024","103.43","102.74","103.49","102.64","","0.70%"
"03/03/2024","102.71","103.89","103.96","102.36","","-1.11%"
"02/25/2024","103.86","103.96","104.29","103.61","","-0.07%"
"02/18/2024","103.94","104.28","104.41","103.43","","-0.35%"
"02/11/2024","104.30","104.08","104.98","103.89","","0.18%"
"02/04/2024","104.11","103.96","104.60","103.94","","0.18%"
"01/28/2024","103.92","103.47","104.04","102.90","","0.47%"
"01/21/2024","103.43","103.24","103.82","102.77","","0.14%"
"01/14/2024","103.29","102.44","103.69","102.31","","0.86%"
"01/07/2024","102.40","102.43","102.76","102.07","","-0.01%"
"12/31/2023","102.41","101.42","103.10","101.34","","1.06%"
"12/24/2023","101.33","101.65","101.77","100.62","","-0.36%"
"12/17/2023","101.70","102.59","102.63","101.43","","-0.83%"
"12/10/2023","102.55","103.98","104.26","101.77","","-1.40%"
"12/03/2023","104.01","103.19","104.26","103.06","","0.72%"
"11/26/2023","103.27","103.42","103.72","102.47","","-0.13%"
"11/19/2023","103.40","103.82","104.21","103.18","","-0.49%"
"11/12/2023","103.92","105.80","105.96","103.81","","-1.84%"
"11/05/2023","105.86","105.07","106.01","104.85","","0.80%"
"10/29/2023","105.02","106.58","107.11","104.94","","-1.44%"
"10/22/2023","106.56","106.16","106.89","105.36","","0.37%"
"10/15/2023","106.16","106.58","106.67","105.97","","-0.45%"
"10/08/2023","106.65","106.10","106.79","105.54","","0.57%"
"10/01/2023","106.04","106.17","107.35","105.95","","-0.17%"
"09/24/2023","106.22","105.57","106.84","105.52","","0.61%"
"09/17/2023","105.58","105.30","105.78","104.67","","0.25%"
"09/10/2023","105.32","105.06","105.43","104.42","","0.22%"
"09/03/2023","105.09","104.26","105.16","104.03","","0.82%"
"08/27/2023","104.24","104.19","104.36","102.94","","0.15%"
"08/20/2023","104.08","103.43","104.45","103.01","","0.68%"
"08/13/2023","103.38","102.85","103.68","102.77","","0.52%"
"08/06/2023","102.84","101.99","102.91","101.78","","0.81%"
"07/30/2023","102.02","101.89","102.84","101.74","","0.39%"
"07/23/2023","101.62","101.05","102.04","100.55","","0.55%"
"07/16/2023","101.07","99.96","101.19","99.59","","1.16%"
"07/09/2023","99.91","102.29","102.56","99.58","","-2.31%"
"07/02/2023","102.27","102.93","103.57","102.23","","-0.62%"
"06/25/2023","102.91","102.87","103.54","102.32","","0.01%"
"06/18/2023","102.90","102.30","103.17","101.92","","0.65%"
"06/11/2023","102.24","103.55","103.76","102.01","","-1.27%"
"06/04/2023","103.56","104.04","104.40","103.29","","-0.44%"
"05/28/2023","104.01","104.24","104.70","103.38","","-0.18%"
"05/21/2023","104.21","103.19","104.42","102.96","","0.98%"
"05/14/2023","103.20","102.71","103.62","102.20","","0.50%"
"05/07/2023","102.68","101.28","102.71","101.04","","1.45%"
"04/30/2023","101.21","101.67","102.40","101.03","","-0.44%"
"04/23/2023","101.66","101.72","102.17","101.01","","-0.16%"
"04/16/2023","101.82","101.58","102.23","101.53","","0.27%"
"04/09/2023","101.55","102.10","102.81","100.79","","-0.53%"
"04/02/2023","102.09","102.59","103.06","101.42","","-0.40%"
"03/26/2023","102.51","103.11","103.23","102.05","","-0.59%"
"03/19/2023","103.12","103.86","103.96","101.92","","-0.57%"
"03/12/2023","103.71","104.64","105.10","103.44","","-0.83%"
"03/05/2023","104.58","104.53","105.88","104.04","","0.05%"
"02/26/2023","104.52","105.26","105.36","104.09","","-0.66%"
"02/19/2023","105.21","103.88","105.32","103.76","","1.30%"
"02/12/2023","103.86","103.58","104.67","102.59","","0.22%"
"02/05/2023","103.63","103.10","103.96","102.64","","0.69%"
"01/29/2023","102.92","101.92","103.01","100.82","","0.97%"
"01/22/2023","101.93","101.99","102.43","101.50","","-0.08%"
"01/15/2023","102.01","102.18","102.90","101.53","","-0.19%"
"01/08/2023","102.20","103.91","103.93","101.99","","-1.61%"
"01/01/2023","103.88","103.66","105.63","103.47","","0.34%"
"12/25/2022","103.52","104.12","104.56","103.39","","-0.76%"
"12/18/2022","104.31","104.84","104.93","103.75","","-0.37%"
"12/11/2022","104.70","104.93","105.25","103.45","","-0.10%"
"12/04/2022","104.81","104.51","105.82","104.11","","0.25%"
"11/27/2022","104.54","106.06","107.19","104.38","","-1.33%"
"11/20/2022","105.96","106.97","107.99","105.63","","-0.91%"
"11/13/2022","106.93","106.42","107.27","105.34","","0.60%"
"11/06/2022","106.29","110.79","111.27","106.28","","-4.14%"
"10/30/2022","110.88","110.67","113.15","110.43","","0.11%"
"10/23/2022","110.75","111.88","112.53","109.54","","-1.12%"
"10/16/2022","112.01","113.22","113.94","111.70","","-1.15%"
"10/09/2022","113.31","112.75","113.92","112.15","","0.46%"
"10/02/2022","112.79","112.17","112.88","110.06","","0.60%"
"09/25/2022","112.12","113.02","114.78","111.58","","-0.95%"
"09/18/2022","113.19","109.64","113.23","109.36","","3.12%"
"09/11/2022","109.76","108.60","110.26","107.68","","0.70%"
"09/04/2022","109.00","109.61","110.79","108.36","","-0.48%"
"08/28/2022","109.53","108.84","109.98","108.29","","0.67%"
"08/21/2022","108.80","108.10","109.27","107.59","","0.59%"
"08/14/2022","108.17","105.67","108.21","105.55","","2.40%"
"08/07/2022","105.63","106.58","106.80","104.64","","-0.93%"
"07/31/2022","106.62","105.83","106.93","105.05","","0.68%"
"07/24/2022","105.90","106.54","107.43","105.54","","-0.77%"
"07/17/2022","106.73","107.98","108.04","106.11","","-1.23%"
"07/10/2022","108.06","106.89","109.29","106.92","","0.99%"
"07/03/2022","107.01","105.12","107.79","104.82","","1.78%"
"06/26/2022","105.14","104.12","105.64","103.67","","0.91%"
"06/19/2022","104.18","104.65","104.95","103.86","","-0.49%"
"06/12/2022","104.70","104.19","105.79","103.42","","0.53%"
"06/05/2022","104.15","102.17","104.23","101.85","","1.97%"
"05/29/2022","102.14","101.64","102.73","101.30","","0.46%"
"05/22/2022","101.67","103.03","103.05","101.43","","-1.44%"
"05/15/2022","103.15","104.46","104.64","102.66","","-1.35%"
"05/08/2022","104.56","103.66","105.00","103.37","","0.87%"
"05/01/2022","103.66","103.21","104.06","102.35","","0.68%"
"04/24/2022","102.96","101.12","103.93","101.04","","1.72%"
"04/17/2022","101.22","100.50","101.33","99.82","","0.90%"
"04/10/2022","100.32","99.84","100.76","99.57","","0.53%"
"04/03/2022","99.80","98.57","100.19","98.52","","1.18%"
"03/27/2022","98.63","98.81","99.37","97.68","","-0.16%"
"03/20/2022","98.79","98.24","98.96","98.16","","0.57%"
"03/13/2022","98.23","99.13","99.29","97.73","","-0.90%"
"03/06/2022","99.12","98.51","99.42","97.71","","0.48%"
"02/27/2022","98.65","96.54","98.92","96.54","","2.10%"
"02/20/2022","96.61","96.11","97.74","95.69","","0.60%"
"02/13/2022","96.04","96.03","96.43","95.68","","-0.04%"
"02/06/2022","96.08","95.48","96.11","95.17","","0.63%"
"01/30/2022","95.49","97.22","97.30","95.14","","-1.84%"
"01/23/2022","97.27","95.64","97.44","95.63","","1.70%"
"01/16/2022","95.64","95.17","95.86","95.04","","0.50%"
"01/09/2022","95.17","95.74","96.23","94.63","","-0.58%"
"01/02/2022","95.72","95.67","96.46","95.63","","-0.26%"
"12/26/2021","95.97","96.15","96.39","95.57","","-0.05%"
"12/19/2021","96.02","96.67","96.69","95.99","","-0.57%"
"12/12/2021","96.57","96.05","96.91","95.85","","0.49%"
"12/05/2021","96.10","96.15","96.59","95.85","","-0.02%"
"11/28/2021","96.12","96.07","96.64","95.52","","0.03%"
"11/21/2021","96.09","96.07","96.94","95.75","","0.06%"
"11/14/2021","96.03","95.12","96.24","94.97","","0.95%"
"11/07/2021","95.13","94.25","95.26","93.88","","0.86%"
"10/31/2021","94.32","94.13","94.62","93.82","","0.21%"
"10/24/2021","94.12","93.66","94.30","93.28","","0.51%"
"10/17/2021","93.64","93.95","94.17","93.50","","-0.31%"
"10/10/2021","93.94","94.10","94.56","93.76","","-0.14%"
"10/03/2021","94.07","94.07","94.45","93.68","","0.03%"
"09/26/2021","94.04","93.28","94.50","93.21","","0.76%"
"09/19/2021","93.33","93.25","93.52","92.98","","0.14%"
"09/12/2021","93.19","92.61","93.25","92.32","","0.66%"
"09/05/2021","92.58","92.12","92.86","92.04","","0.59%"
"08/29/2021","92.04","92.68","92.79","91.95","","-0.70%"
"08/22/2021","92.69","93.46","93.50","92.63","","-0.87%"
"08/15/2021","93.50","92.52","93.73","92.48","","1.06%"
"08/08/2021","92.52","92.78","93.19","92.47","","-0.30%"
"08/01/2021","92.80","92.09","92.84","91.82","","0.68%"
"07/25/2021","92.17","92.91","92.96","91.78","","-0.79%"
"07/18/2021","92.91","92.71","93.19","92.51","","0.24%"
"07/11/2021","92.69","92.10","92.83","92.08","","0.60%"
"07/04/2021","92.13","92.24","92.85","92.00","","-0.10%"
"06/27/2021","92.23","91.81","92.74","91.70","","0.41%"
"06/20/2021","91.85","92.32","92.37","91.51","","-0.41%"
"06/13/2021","92.22","90.51","92.40","90.35","","1.84%"
"06/06/2021","90.56","90.13","90.61","89.84","","0.46%"
"05/30/2021","90.14","90.06","90.63","89.66","","0.12%"
"05/23/2021","90.03","90.03","90.44","89.54","","0.02%"
"05/16/2021","90.02","90.30","90.43","89.65","","-0.34%"
"05/09/2021","90.32","90.23","90.91","89.98","","0.10%"
"05/02/2021","90.23","91.30","91.44","90.19","","-1.15%"
"04/25/2021","91.28","90.83","91.32","90.42","","0.46%"
"04/18/2021","90.86","91.54","91.75","90.81","","-0.76%"
"04/11/2021","91.56","92.18","92.33","91.49","","-0.66%"
"04/04/2021","92.16","93.01","93.11","92.00","","-0.92%"
"03/28/2021","93.02","92.72","93.44","92.72","","0.28%"
"03/21/2021","92.77","92.07","92.92","91.71","","0.92%"
"03/14/2021","91.92","91.66","92.17","91.30","","0.26%"
"03/07/2021","91.68","91.99","92.50","91.36","","-0.32%"
"02/28/2021","91.98","90.93","92.19","90.63","","1.21%"
"02/21/2021","90.88","90.34","90.97","89.68","","0.57%"
"02/14/2021","90.36","90.45","91.06","90.12","","-0.13%"
"02/07/2021","90.48","91.00","91.24","90.25","","-0.62%"
"01/31/2021","91.04","90.53","91.60","90.50","","0.51%"
"01/24/2021","90.58","90.23","90.88","90.08","","0.38%"
"01/17/2021","90.24","90.78","90.95","90.05","","-0.59%"
"01/10/2021","90.77","90.07","90.80","89.92","","0.75%"
"01/03/2021","90.10","89.93","90.25","89.21","","0.18%"
"12/27/2020","89.94","90.22","90.38","89.52","","-0.43%"
"12/20/2020","90.32","89.92","91.02","89.92","","0.34%"
"12/13/2020","90.02","90.98","90.98","89.73","","-1.06%"
"12/06/2020","90.98","90.81","91.24","90.62","","0.30%"
"11/29/2020","90.70","91.78","92.05","90.48","","-1.19%"
"11/22/2020","91.79","92.40","92.80","91.76","","-0.65%"
"11/15/2020","92.39","92.72","92.84","92.21","","-0.39%"
"11/08/2020","92.75","92.24","93.21","92.13","","0.57%"
"11/01/2020","92.23","93.89","94.30","92.18","","-1.92%"
"10/25/2020","94.04","92.76","94.10","92.74","","1.37%"
"10/18/2020","92.77","93.72","93.77","92.47","","-0.98%"
"10/11/2020","93.68","93.06","93.90","93.01","","0.67%"
"10/04/2020","93.06","93.81","93.90","93.00","","-0.84%"
"09/27/2020","93.84","94.58","94.64","93.53","","-0.84%"
"09/20/2020","94.64","93.00","94.74","92.75","","1.85%"
"09/13/2020","92.93","93.29","93.59","92.77","","-0.44%"
"09/06/2020","93.33","92.97","93.66","92.70","","0.66%"
"08/30/2020","92.72","92.30","93.24","91.75","","0.38%"
"08/23/2020","92.37","93.20","93.36","92.20","","-0.94%"
"08/16/2020","93.25","93.10","93.47","92.13","","0.16%"
"08/09/2020","93.10","93.39","93.90","92.93","","-0.36%"
"08/02/2020","93.43","93.46","93.99","92.52","","0.09%"
"07/26/2020","93.35","94.35","94.42","92.55","","-1.15%"
"07/19/2020","94.43","96.01","96.18","94.33","","-1.57%"
"07/12/2020","95.94","96.66","96.70","95.78","","-0.73%"
"07/05/2020","96.65","97.15","97.19","96.24","","-0.54%"
"06/28/2020","97.17","97.50","97.80","96.81","","-0.27%"
"06/21/2020","97.43","97.66","97.74","96.39","","-0.19%"
"06/14/2020","97.62","97.09","97.72","96.43","","0.31%"
"06/07/2020","97.32","96.84","97.45","95.72","","0.39%"
"05/31/2020","96.94","98.30","98.32","96.44","","-1.43%"
"05/24/2020","98.34","99.79","99.97","97.94","","-1.52%"
"05/17/2020","99.86","100.36","100.47","99.00","","-0.54%"
"05/10/2020","100.40","99.12","100.56","99.12","","0.67%"
"05/03/2020","99.73","98.57","100.40","98.57","","0.66%"
"04/26/2020","99.08","100.23","100.32","98.64","","-1.30%"
"04/19/2020","100.38","99.71","100.87","99.65","","0.60%"
"04/12/2020","99.78","99.49","100.30","98.82","","0.27%"
"04/05/2020","99.52","100.66","100.93","99.36","","-1.05%"
"03/29/2020","100.58","98.31","100.85","98.29","","2.25%"
"03/22/2020","98.36","101.95","102.98","98.27","","-4.33%"
"03/15/2020","102.82","98.70","102.99","97.45","","4.12%"
"03/08/2020","98.75","96.11","98.81","94.65","","2.92%"
"03/01/2020","95.95","98.12","98.12","95.71","","-2.22%"
"02/23/2020","98.13","99.34","99.64","97.96","","-1.14%"
"02/16/2020","99.26","99.16","99.91","99.00","","0.14%"
"02/09/2020","99.12","98.70","99.17","98.60","","0.45%"
"02/02/2020","98.68","97.37","98.72","97.37","","1.33%"
"01/26/2020","97.39","97.88","98.19","97.35","","-0.47%"
"01/19/2020","97.85","97.64","97.95","97.39","","0.22%"
"01/12/2020","97.64","97.35","97.66","97.08","","0.29%"
"01/05/2020","97.36","96.90","97.58","96.54","","0.53%"
"12/29/2019","96.84","97.01","97.11","96.36","","-0.08%"
"12/22/2019","96.92","97.67","97.82","96.92","","-0.79%"
"12/15/2019","97.69","97.18","97.76","96.93","","0.53%"
"12/08/2019","97.17","97.68","97.72","96.59","","-0.54%"
"12/01/2019","97.70","98.27","98.38","97.36","","-0.58%"
"11/24/2019","98.27","98.26","98.54","98.17","","0.00%"
"11/17/2019","98.27","97.98","98.31","97.68","","0.28%"
"11/10/2019","98.00","98.37","98.45","97.96","","-0.36%"
"11/03/2019","98.35","97.22","98.40","97.17","","1.15%"
"10/27/2019","97.24","97.85","98.00","97.11","","-0.61%"
"10/20/2019","97.83","97.34","97.90","97.15","","0.56%"
"10/13/2019","97.28","98.36","98.64","97.14","","-1.04%"
"10/06/2019","98.30","98.82","99.25","98.20","","-0.51%"
"09/29/2019","98.81","99.12","99.67","98.64","","-0.30%"
"09/22/2019","99.11","98.51","99.31","98.29","","0.60%"
"09/15/2019","98.51","98.12","98.74","98.03","","0.26%"
"09/08/2019","98.26","98.42","99.10","97.86","","-0.14%"
"09/01/2019","98.39","98.83","99.37","98.01","","-0.53%"
"08/25/2019","98.92","97.59","99.02","97.48","","1.31%"
"08/18/2019","97.64","98.17","98.45","97.17","","-0.51%"
"08/11/2019","98.14","97.54","98.34","97.32","","0.67%"
"08/04/2019","97.49","98.11","98.14","97.03","","-0.59%"
"07/28/2019","98.07","97.99","98.93","97.90","","0.07%"
"07/21/2019","98.01","97.14","98.09","97.13","","0.88%"
"07/14/2019","97.15","96.84","97.44","96.67","","0.35%"
"07/07/2019","96.81","97.23","97.59","96.72","","-0.49%"
"06/30/2019","97.29","96.25","97.44","96.25","","1.20%"
"06/23/2019","96.13","96.18","96.39","95.84","","-0.09%"
"06/16/2019","96.22","97.52","97.77","96.09","","-1.39%"
"06/09/2019","97.57","96.64","97.58","96.58","","1.06%"
"06/02/2019","96.54","97.64","97.80","96.46","","-1.23%"
"05/26/2019","97.75","97.57","98.28","97.55","","0.14%"
"05/19/2019","97.61","97.96","98.37","97.55","","-0.39%"
"05/12/2019","98.00","97.30","98.03","97.03","","0.68%"
"05/05/2019","97.33","97.56","97.74","97.13","","-0.19%"
"04/28/2019","97.52","98.03","98.10","97.15","","-0.50%"
"04/21/2019","98.01","97.38","98.33","97.26","","0.64%"
"04/14/2019","97.38","96.93","97.49","96.79","","0.42%"
"04/07/2019","96.97","97.39","97.40","96.75","","-0.43%"
"03/31/2019","97.39","97.18","97.52","96.96","","0.11%"
"03/24/2019","97.28","96.64","97.34","96.41","","0.65%"
"03/17/2019","96.65","96.57","96.81","95.74","","0.06%"
"03/10/2019","96.60","97.39","97.45","96.39","","-0.73%"
"03/03/2019","97.31","96.34","97.71","96.33","","0.81%"
"02/24/2019","96.53","96.52","96.60","95.82","","0.02%"
"02/17/2019","96.51","96.81","97.08","96.29","","-0.41%"
"02/10/2019","96.90","96.66","97.37","96.62","","0.28%"
"02/03/2019","96.64","95.60","96.69","95.57","","1.11%"
"01/27/2019","95.58","95.79","95.98","95.16","","-0.22%"
"01/20/2019","95.79","96.35","96.68","95.74","","-0.56%"
"01/13/2019","96.34","95.65","96.39","95.47","","0.70%"
"01/06/2019","95.67","96.16","96.16","95.03","","-0.53%"
"12/30/2018","96.18","96.40","96.96","95.65","","-0.23%"
"12/23/2018","96.40","96.93","97.12","96.19","","-0.57%"
"12/16/2018","96.96","97.43","97.46","96.17","","-0.50%"
"12/09/2018","97.44","96.71","97.71","96.36","","0.96%"
"12/02/2018","96.51","97.13","97.21","96.38","","-0.78%"
"11/25/2018","97.27","96.93","97.54","96.63","","0.37%"
"11/18/2018","96.92","96.43","96.98","96.04","","0.47%"
"11/11/2018","96.46","97.05","97.69","96.40","","-0.45%"
"11/04/2018","96.90","96.44","97.01","95.68","","0.38%"
"10/28/2018","96.54","96.44","97.20","95.99","","0.19%"
"10/21/2018","96.36","95.66","96.86","95.47","","0.67%"
"10/14/2018","95.71","95.35","96.09","94.79","","0.52%"
"10/07/2018","95.22","95.62","96.15","94.95","","-0.42%"
"09/30/2018","95.62","95.11","96.12","95.00","","0.52%"
"09/23/2018","95.13","94.23","95.37","93.84","","0.97%"
"09/16/2018","94.22","94.93","94.98","93.81","","-0.74%"
"09/09/2018","94.93","95.43","95.56","94.36","","-0.46%"
"09/02/2018","95.36","95.19","95.74","94.87","","0.24%"
"08/26/2018","95.14","95.17","95.30","94.43","","-0.01%"
"08/19/2018","95.15","96.13","96.40","94.93","","-0.99%"
"08/12/2018","96.10","96.32","96.98","96.09","","-0.27%"
"08/05/2018","96.36","95.20","96.45","94.99","","1.28%"
"07/29/2018","95.14","94.66","95.37","94.16","","0.49%"
"07/22/2018","94.68","94.43","94.91","94.08","","0.24%"
"07/15/2018","94.45","94.69","95.65","94.30","","-0.32%"
"07/08/2018","94.75","93.96","95.24","93.71","","0.76%"
"07/01/2018","94.04","94.63","95.14","93.92","","-0.63%"
"06/24/2018","94.64","94.50","95.53","94.17","","0.13%"
"06/17/2018","94.52","94.79","95.53","94.43","","-0.29%"
"06/10/2018","94.79","93.54","95.13","93.19","","1.32%"
"06/03/2018","93.55","94.15","94.32","93.21","","-0.68%"
"05/27/2018","94.19","94.25","95.03","93.72","","0.00%"
"05/20/2018","94.19","93.69","94.30","93.29","","0.59%"
"05/13/2018","93.64","92.55","93.83","92.24","","1.19%"
"05/06/2018","92.54","92.57","93.42","92.37","","-0.03%"
"04/29/2018","92.57","91.53","92.90","91.48","","1.12%"
"04/22/2018","91.54","90.35","91.99","90.32","","1.36%"
"04/15/2018","90.32","89.77","90.48","89.23","","0.57%"
"04/08/2018","89.80","90.07","90.27","89.36","","-0.34%"
"04/01/2018","90.11","89.97","90.60","89.82","","0.15%"
"03/25/2018","89.97","89.47","90.18","88.94","","0.55%"
"03/18/2018","89.48","90.20","90.44","89.40","","-0.83%"
"03/11/2018","90.23","90.11","90.38","89.56","","0.16%"
"03/04/2018","90.09","89.83","90.36","89.41","","0.18%"
"02/25/2018","89.93","89.96","90.93","89.50","","0.06%"
"02/18/2018","89.88","89.10","90.24","88.96","","0.88%"
"02/11/2018","89.10","90.35","90.43","88.25","","-1.48%"
"02/04/2018","90.44","89.35","90.57","89.02","","1.40%"
"01/28/2018","89.19","89.11","89.64","88.56","","0.14%"
"01/21/2018","89.07","90.44","90.70","88.44","","-1.66%"
"01/14/2018","90.57","90.94","91.00","90.11","","-0.44%"
"01/07/2018","90.97","92.06","92.64","90.90","","-1.06%"
"12/31/2017","91.95","92.24","92.26","91.75","","-0.19%"
"12/24/2017","92.12","93.37","93.40","92.08","","-1.31%"
"12/17/2017","93.35","93.98","94.03","93.16","","-0.62%"
"12/10/2017","93.93","93.93","94.22","93.28","","0.03%"
"12/03/2017","93.90","93.17","94.09","93.04","","1.09%"
"11/26/2017","92.89","92.73","93.50","92.50","","0.11%"
"11/19/2017","92.78","93.71","94.17","92.68","","-0.94%"
"11/12/2017","93.66","94.42","94.64","93.40","","-0.77%"
"11/05/2017","94.39","94.87","95.15","94.26","","-0.58%"
"10/29/2017","94.94","94.83","95.01","94.41","","0.03%"
"10/22/2017","94.92","93.82","95.15","93.48","","1.30%"
"10/15/2017","93.70","93.08","93.80","93.06","","0.66%"
"10/08/2017","93.09","93.77","93.84","92.75","","-0.76%"
"10/01/2017","93.80","93.22","94.27","93.12","","0.78%"
"09/24/2017","93.08","92.42","93.67","92.21","","0.98%"
"09/17/2017","92.17","91.95","92.70","91.53","","0.33%"
"09/10/2017","91.87","91.44","92.66","91.42","","0.57%"
"09/03/2017","91.35","92.66","92.73","91.01","","-1.58%"
"08/27/2017","92.81","92.32","93.35","91.62","","0.08%"
"08/20/2017","92.74","93.46","93.63","92.42","","-0.74%"
"08/13/2017","93.43","93.07","94.14","93.05","","0.39%"
"08/06/2017","93.07","93.51","93.89","92.93","","-0.51%"
"07/30/2017","93.54","93.36","93.77","92.55","","0.30%"
"07/23/2017","93.26","93.94","94.29","93.15","","-0.64%"
"07/16/2017","93.86","95.09","95.35","93.85","","-1.36%"
"07/09/2017","95.15","96.03","96.21","95.09","","-0.89%"
"07/02/2017","96.01","95.65","96.51","95.63","","0.40%"
"06/25/2017","95.63","97.24","97.47","95.47","","-1.68%"
"06/18/2017","97.26","97.10","97.87","97.04","","0.10%"
"06/11/2017","97.16","97.22","97.56","96.32","","-0.11%"
"06/04/2017","97.27","96.73","97.50","96.51","","0.58%"
"05/28/2017","96.71","97.43","97.78","96.65","","-0.75%"
"05/21/2017","97.44","97.21","97.55","96.80","","0.31%"
"05/14/2017","97.14","99.15","99.26","97.08","","-2.13%"
"05/07/2017","99.25","98.79","99.89","98.60","","0.61%"
"04/30/2017","98.65","98.93","99.46","98.54","","-0.41%"
"04/23/2017","99.05","98.97","99.33","98.69","","-0.93%"
"04/16/2017","99.98","100.49","100.47","99.37","","-0.58%"
"04/09/2017","100.56","101.18","101.34","100.01","","-0.61%"
"04/02/2017","101.18","100.50","101.26","100.37","","0.83%"
"03/26/2017","100.35","99.47","100.65","98.86","","0.73%"
"03/19/2017","99.63","100.36","100.47","99.53","","-0.67%"
"03/12/2017","100.30","101.31","101.79","100.14","","-0.94%"
"03/05/2017","101.25","101.40","102.25","101.17","","-0.29%"
"02/26/2017","101.54","101.11","102.26","100.69","","0.45%"
"02/19/2017","101.09","100.93","101.72","100.66","","0.14%"
"02/12/2017","100.95","100.84","101.76","100.41","","0.15%"
"02/05/2017","100.80","99.65","101.01","99.63","","0.93%"
"01/29/2017","99.87","100.32","101.02","99.23","","-0.66%"
"01/22/2017","100.53","100.74","100.82","99.79","","-0.21%"
"01/15/2017","100.74","101.66","101.73","100.26","","-0.43%"
"01/08/2017","101.18","102.25","102.95","100.72","","-1.02%"
"01/01/2017","102.22","102.38","103.82","101.30","","0.01%"
"12/25/2016","102.21","103.01","103.63","101.91","","-0.78%"
"12/18/2016","103.01","102.90","103.65","102.52","","0.06%"
"12/11/2016","102.95","101.71","103.56","100.73","","1.34%"
"12/04/2016","101.59","100.84","101.74","99.43","","0.81%"
"11/27/2016","100.77","101.25","101.83","100.62","","-0.71%"
"11/20/2016","101.49","101.28","102.05","100.65","","0.28%"
"11/13/2016","101.21","99.13","101.48","99.13","","2.17%"
"11/06/2016","99.06","97.54","99.13","95.89","","2.06%"
"10/30/2016","97.06","98.30","98.70","96.89","","-1.31%"
"10/23/2016","98.35","98.64","99.12","98.24","","-0.34%"
"10/16/2016","98.69","98.15","98.81","97.61","","0.68%"
"10/09/2016","98.02","96.63","98.13","96.46","","1.44%"
"10/02/2016","96.63","95.54","97.19","95.46","","1.23%"
"09/25/2016","95.46","95.40","95.96","95.13","","-0.02%"
"09/18/2016","95.48","96.07","96.33","95.05","","-0.66%"
"09/11/2016","96.11","95.30","96.11","94.94","","0.81%"
"09/04/2016","95.34","95.89","95.89","94.47","","-0.52%"
"08/28/2016","95.84","95.61","96.25","95.19","","0.28%"
"08/21/2016","95.57","94.72","95.59","94.21","","1.12%"
"08/14/2016","94.51","95.65","95.80","94.08","","-1.26%"
"08/07/2016","95.72","96.29","96.52","95.25","","-0.49%"
"07/31/2016","96.19","95.59","96.52","95.00","","0.69%"
"07/24/2016","95.53","97.35","97.57","95.38","","-1.99%"
"07/17/2016","97.47","96.59","97.54","96.47","","0.92%"
"07/10/2016","96.58","96.29","96.79","95.83","","0.29%"
"07/03/2016","96.30","95.69","96.70","95.34","","0.68%"
"06/26/2016","95.65","96.07","96.70","95.41","","0.21%"
"06/19/2016","95.45","93.87","96.70","93.02","","1.32%"
"06/12/2016","94.21","94.65","95.32","94.07","","-0.38%"
"06/05/2016","94.57","94.02","94.71","93.42","","0.57%"
"05/29/2016","94.03","95.70","95.97","93.86","","-1.56%"
"05/22/2016","95.52","95.32","95.78","94.94","","0.20%"
"05/15/2016","95.33","94.65","95.50","94.33","","0.76%"
"05/08/2016","94.61","93.91","94.84","93.68","","0.77%"
"05/01/2016","93.89","93.02","93.96","91.92","","0.87%"
"04/24/2016","93.08","95.11","95.08","93.01","","-2.14%"
"04/17/2016","95.12","94.59","95.20","93.92","","0.44%"
"04/10/2016","94.70","94.10","95.20","93.63","","0.50%"
"04/03/2016","94.23","94.56","95.07","94.02","","-0.41%"
"03/27/2016","94.62","96.27","96.40","94.32","","-1.58%"
"03/20/2016","96.14","95.15","96.36","95.00","","1.10%"
"03/13/2016","95.09","96.31","97.06","94.58","","-1.12%"
"03/06/2016","96.17","97.40","98.42","95.94","","-1.20%"
"02/28/2016","97.34","98.17","98.58","97.02","","-0.83%"
"02/21/2016","98.15","96.78","98.26","96.73","","1.60%"
"02/14/2016","96.60","96.08","97.17","95.94","","0.69%"
"02/07/2016","95.94","97.06","97.48","95.24","","-1.12%"
"01/31/2016","97.03","99.55","99.63","96.26","","-2.59%"
"01/24/2016","99.61","99.52","99.83","98.42","","0.04%"
"01/17/2016","99.57","98.80","99.80","98.63","","0.62%"
"01/10/2016","98.96","98.41","99.33","98.25","","0.43%"
"01/03/2016","98.54","98.59","99.63","98.05","","-0.09%"
"12/27/2015","98.63","97.95","98.78","97.80","","0.66%"
"12/20/2015","97.98","98.68","98.84","97.86","","-0.73%"
"12/13/2015","98.70","97.61","99.29","97.19","","1.17%"
"12/06/2015","97.56","98.38","98.90","97.22","","-0.80%"
"11/29/2015","98.35","100.08","100.51","97.59","","-1.67%"
"11/22/2015","100.02","99.66","100.20","99.31","","0.46%"
"11/15/2015","99.56","99.00","99.85","98.73","","0.57%"
"11/08/2015","99.00","99.27","99.50","98.43","","-0.17%"
"11/01/2015","99.17","96.69","99.34","96.64","","2.29%"
"10/25/2015","96.95","97.15","97.82","96.47","","-0.19%"
"10/18/2015","97.13","94.67","97.20","94.55","","2.74%"
"10/11/2015","94.54","94.86","94.98","93.81","","-0.28%"
"10/04/2015","94.81","95.84","96.17","94.69","","-1.06%"
"09/27/2015","95.83","96.29","96.50","95.22","","-0.46%"
"09/20/2015","96.27","95.36","96.70","95.04","","1.49%"
"09/13/2015","94.86","95.20","95.84","94.06","","-0.35%"
"09/06/2015","95.19","96.15","96.42","95.11","","-1.08%"
"08/30/2015","96.23","96.19","96.62","95.19","","0.12%"
"08/23/2015","96.11","94.86","96.32","92.62","","1.16%"
"08/16/2015","95.01","96.56","97.08","94.80","","-1.56%"
"08/09/2015","96.52","97.54","97.92","95.93","","-1.07%"
"08/02/2015","97.56","97.22","98.33","97.16","","0.23%"
"07/26/2015","97.34","97.20","97.77","96.29","","0.10%"
"07/19/2015","97.24","97.93","98.15","96.89","","-0.63%"
"07/12/2015","97.86","96.09","97.98","95.63","","1.91%"
"07/05/2015","96.03","96.42","97.23","95.45","","-0.08%"
"06/28/2015","96.11","96.11","96.42","94.68","","0.67%"
"06/21/2015","95.47","94.00","95.67","93.81","","1.48%"
"06/14/2015","94.08","95.16","95.39","93.56","","-0.94%"
"06/07/2015","94.97","96.47","96.55","94.32","","-1.39%"
"05/31/2015","96.31","96.90","97.68","94.65","","-0.62%"
"05/24/2015","96.91","96.23","97.78","96.17","","0.83%"
"05/17/2015","96.11","93.23","96.27","93.27","","3.19%"
"05/10/2015","93.14","94.79","95.26","93.13","","-1.74%"
"05/03/2015","94.79","95.25","95.95","93.88","","-0.54%"
"04/26/2015","95.30","96.95","97.28","94.40","","-1.67%"
"04/19/2015","96.92","97.34","98.45","96.75","","-0.62%"
"04/12/2015","97.52","99.47","99.99","97.00","","-1.83%"
"04/05/2015","99.34","96.59","99.69","96.33","","2.89%"
"03/29/2015","96.55","97.37","98.67","96.39","","-0.76%"
"03/22/2015","97.29","97.65","98.24","96.17","","-0.63%"
"03/15/2015","97.91","100.32","100.27","96.63","","-2.41%"
"03/08/2015","100.33","97.80","100.39","97.29","","2.79%"
"03/01/2015","97.61","95.38","97.73","95.06","","2.40%"
"02/22/2015","95.32","94.22","95.36","94.06","","1.04%"
"02/15/2015","94.34","94.10","94.79","93.80","","0.15%"
"02/08/2015","94.20","94.81","95.11","93.90","","-1.72%"
"02/01/2015","95.85","94.58","95.85","93.25","","1.11%"
"01/25/2015","94.80","95.23","95.33","93.70","","0.04%"
"01/18/2015","94.76","92.71","95.48","92.15","","2.42%"
"01/11/2015","92.52","91.88","93.26","91.51","","0.63%"
"01/04/2015","91.94","91.13","92.53","91.12","","0.94%"
"12/28/2014","91.08","89.98","91.16","89.79","","1.17%"
"12/21/2014","90.03","89.63","90.16","89.37","","0.48%"
"12/14/2014","89.60","88.21","89.65","87.63","","1.40%"
"12/07/2014","88.36","89.40","89.55","87.91","","-1.09%"
"11/30/2014","89.33","88.16","89.47","87.78","","1.10%"
"11/23/2014","88.36","88.44","88.44","87.52","","0.06%"
"11/16/2014","88.31","87.51","88.39","87.18","","0.89%"
"11/09/2014","87.53","87.43","88.27","87.22","","-0.13%"
"11/02/2014","87.64","87.08","88.19","86.88","","0.83%"
"10/26/2014","86.92","85.70","87.13","85.19","","1.39%"
"10/19/2014","85.73","85.28","85.94","84.74","","0.73%"
"10/12/2014","85.11","85.82","86.01","84.47","","-0.93%"
"10/05/2014","85.91","86.64","86.67","84.94","","-0.90%"
"09/28/2014","86.69","85.62","86.75","85.45","","1.23%"
"09/21/2014","85.64","84.78","85.69","84.36","","1.07%"
"09/14/2014","84.73","84.11","84.80","83.86","","0.58%"
"09/07/2014","84.24","83.83","84.52","83.80","","0.60%"
"08/31/2014","83.74","82.77","83.94","82.67","","1.20%"
"08/24/2014","82.75","82.61","82.75","82.31","","0.50%"
"08/17/2014","82.34","81.43","82.46","81.38","","1.13%"
"08/10/2014","81.42","81.42","81.69","81.36","","-0.04%"
"08/03/2014","81.45","81.30","81.72","81.26","","0.18%"
"07/27/2014","81.30","81.04","81.57","80.98","","0.33%"
"07/20/2014","81.03","80.52","81.08","80.42","","0.63%"
"07/13/2014","80.52","80.22","80.69","80.08","","0.41%"
"07/06/2014","80.19","80.25","80.36","79.98","","-0.10%"
"06/29/2014","80.27","80.04","80.31","79.74","","0.31%"
"06/22/2014","80.02","80.37","80.43","80.01","","-0.44%"
"06/15/2014","80.37","80.61","80.71","80.15","","-0.26%"
"06/08/2014","80.58","80.43","80.90","80.30","","0.21%"
"06/01/2014","80.41","80.36","81.02","80.24","","0.05%"
"05/25/2014","80.37","80.40","80.58","80.17","","-0.02%"
"05/18/2014","80.39","80.08","80.44","79.88","","0.44%"
"05/11/2014","80.04","79.90","80.34","79.78","","0.18%"
"05/04/2014","79.90","79.48","79.92","78.91","","0.48%"
"04/27/2014","79.52","79.74","79.92","79.41","","-0.29%"
"04/20/2014","79.75","79.89","79.99","79.66","","-0.10%"
"04/13/2014","79.83","79.62","79.90","79.56","","0.48%"
"04/06/2014","79.45","80.44","80.45","79.33","","-1.21%"
"03/30/2014","80.42","80.15","80.60","79.96","","0.30%"
"03/23/2014","80.18","80.09","80.29","79.75","","0.09%"
"03/16/2014","80.11","79.43","80.35","79.28","","0.83%"
"03/09/2014","79.45","79.69","79.93","79.27","","-0.34%"
"03/02/2014","79.72","79.90","80.27","79.43","","0.04%"
"02/23/2014","79.69","80.28","80.58","79.69","","-0.69%"
"02/16/2014","80.24","80.08","80.42","79.93","","0.11%"
"02/09/2014","80.15","80.77","80.83","80.06","","-0.67%"
"02/02/2014","80.69","81.28","81.32","80.60","","-0.76%"
"01/26/2014","81.31","80.46","81.32","80.30","","1.06%"
"01/19/2014","80.46","81.17","81.39","80.15","","-0.94%"
"01/12/2014","81.22","80.58","81.30","80.44","","0.69%"
"01/05/2014","80.66","80.86","81.19","80.53","","-0.16%"
"12/29/2013","80.79","80.29","80.89","79.93","","0.50%"
"12/22/2013","80.39","80.53","80.62","79.69","","-0.24%"
"12/15/2013","80.58","80.23","80.83","79.81","","0.46%"
"12/08/2013","80.21","80.25","80.42","79.76","","-0.12%"
"12/01/2013","80.31","80.66","80.99","80.22","","-0.46%"
"11/24/2013","80.68","80.69","81.02","80.48","","-0.04%"
"11/17/2013","80.71","80.82","81.29","80.49","","-0.17%"
"11/10/2013","80.85","81.29","81.46","80.73","","-0.55%"
"11/03/2013","81.30","80.69","81.48","80.38","","0.72%"
"10/27/2013","80.72","79.23","80.78","79.15","","1.93%"
"10/20/2013","79.19","79.62","79.82","79.00","","-0.58%"
"10/13/2013","79.65","80.29","80.75","79.48","","-0.95%"
"10/06/2013","80.41","80.06","80.59","79.84","","0.35%"
"09/29/2013","80.13","80.34","80.38","79.63","","-0.20%"
"09/22/2013","80.29","80.32","80.65","80.11","","-0.17%"
"09/15/2013","80.43","81.23","81.35","80.06","","-1.25%"
"09/08/2013","81.45","82.26","82.31","81.36","","-0.85%"
"09/01/2013","82.15","82.05","82.67","82.02","","0.07%"
"08/25/2013","82.09","81.34","82.26","81.11","","0.90%"
"08/18/2013","81.36","81.30","81.72","80.75","","0.12%"
"08/11/2013","81.26","81.24","81.94","81.05","","0.16%"
"08/04/2013","81.13","81.92","82.08","80.87","","-0.95%"
"07/28/2013","81.91","81.60","82.49","81.41","","0.31%"
"07/21/2013","81.66","82.61","82.55","81.55","","-1.16%"
"07/14/2013","82.62","82.91","83.46","82.34","","-0.45%"
"07/07/2013","82.99","84.54","84.75","82.42","","-1.72%"
"06/30/2013","84.44","83.18","84.53","82.97","","1.56%"
"06/23/2013","83.14","82.55","83.34","82.24","","0.89%"
"06/16/2013","82.41","80.63","82.52","80.50","","2.22%"
"06/09/2013","80.62","81.84","82.09","80.50","","-1.29%"
"06/02/2013","81.67","83.32","83.38","81.08","","-1.91%"
"05/26/2013","83.26","83.59","84.37","82.95","","-0.53%"
"05/19/2013","83.70","84.14","84.50","83.43","","-0.65%"
"05/12/2013","84.25","83.26","84.37","82.96","","1.34%"
"05/05/2013","83.14","82.11","83.44","81.72","","1.27%"
"04/28/2013","82.10","82.36","82.52","81.33","","-0.45%"
"04/21/2013","82.47","82.74","83.19","82.39","","-0.29%"
"04/14/2013","82.71","82.12","82.78","81.72","","0.71%"
"04/07/2013","82.13","82.75","82.83","82.05","","-0.45%"
"03/31/2013","82.50","83.05","83.49","82.27","","-0.87%"
"03/24/2013","83.22","82.52","83.30","82.15","","0.84%"
"03/17/2013","82.53","82.60","83.10","82.29","","0.49%"
"03/10/2013","82.13","82.78","83.17","82.05","","-0.71%"
"03/03/2013","82.72","82.32","82.92","81.90","","0.53%"
"02/24/2013","82.28","81.53","82.51","81.07","","1.01%"
"02/17/2013","81.46","80.55","81.59","80.27","","1.09%"
"02/10/2013","80.58","80.25","80.62","79.84","","0.46%"
"02/03/2013","80.21","79.23","80.28","79.18","","1.26%"
"01/27/2013","79.21","79.79","79.93","78.92","","-0.68%"
"01/20/2013","79.75","80.11","80.15","79.68","","-0.36%"
"01/13/2013","80.04","79.48","80.19","79.34","","0.60%"
"01/06/2013","79.56","80.46","80.68","79.44","","-1.17%"
"12/30/2012","80.50","79.67","80.87","79.28","","1.03%"
"12/23/2012","79.68","79.62","79.93","79.36","","0.08%"
"12/16/2012","79.62","79.65","79.70","79.01","","0.05%"
"12/09/2012","79.58","80.56","80.57","79.50","","-1.03%"
"12/02/2012","80.41","80.24","80.66","79.57","","0.32%"
"11/25/2012","80.15","80.25","80.59","80.02","","-0.05%"
"11/18/2012","80.19","81.20","81.27","80.13","","-1.32%"
"11/11/2012","81.26","81.03","81.45","80.90","","0.28%"
"11/04/2012","81.03","80.62","81.09","80.28","","0.55%"
"10/28/2012","80.59","80.02","80.61","79.67","","0.65%"
"10/21/2012","80.07","79.63","80.27","79.47","","0.57%"
"10/14/2012","79.62","79.69","79.97","78.94","","-0.06%"
"10/07/2012","79.67","79.36","80.20","79.36","","0.42%"
"09/30/2012","79.34","79.95","80.15","79.10","","-0.75%"
"09/23/2012","79.94","79.16","80.01","79.16","","0.77%"
"09/16/2012","79.33","78.85","79.66","78.72","","0.61%"
"09/09/2012","78.85","80.38","80.43","78.60","","-1.74%"
"09/02/2012","80.25","81.29","81.67","80.15","","-1.18%"
"08/26/2012","81.21","81.62","81.82","80.96","","-0.47%"
"08/19/2012","81.59","82.59","82.72","81.22","","-1.22%"
"08/12/2012","82.60","82.57","82.88","82.20","","0.06%"
"08/05/2012","82.55","82.33","82.87","82.04","","0.21%"
"07/29/2012","82.38","82.73","83.51","82.20","","-0.40%"
"07/22/2012","82.71","83.68","84.10","82.34","","-0.92%"
"07/15/2012","83.48","83.23","83.64","82.73","","0.16%"
"07/08/2012","83.35","83.38","83.83","82.98","","-0.04%"
"07/01/2012","83.38","81.56","83.43","81.53","","2.14%"
"06/24/2012","81.63","82.34","82.88","81.43","","-0.77%"
"06/17/2012","82.26","81.34","82.47","81.19","","0.77%"
"06/10/2012","81.63","81.92","82.73","81.48","","-1.07%"
"06/03/2012","82.51","82.91","83.08","81.91","","-0.46%"
"05/27/2012","82.89","82.08","83.54","81.83","","0.59%"
"05/20/2012","82.40","81.11","82.46","80.90","","1.37%"
"05/13/2012","81.29","80.35","81.76","80.36","","1.28%"
"05/06/2012","80.26","79.76","80.34","79.53","","0.96%"
"04/29/2012","79.50","78.80","79.52","78.60","","1.00%"
"04/22/2012","78.71","79.37","79.65","78.67","","-0.61%"
"04/15/2012","79.19","79.92","80.18","79.11","","-0.88%"
"04/08/2012","79.89","79.80","80.10","79.21","","0.00%"
"04/01/2012","79.89","78.89","80.18","78.66","","1.13%"
"03/25/2012","79.00","79.31","79.72","78.73","","-0.43%"
"03/18/2012","79.34","79.77","79.95","79.21","","-0.56%"
"03/11/2012","79.79","80.03","80.74","79.67","","-0.31%"
"03/04/2012","80.04","79.46","80.06","79.07","","0.81%"
"02/26/2012","79.40","78.38","79.45","78.09","","1.34%"
"02/19/2012","78.35","79.22","79.38","78.22","","-1.24%"
"02/12/2012","79.33","78.92","80.12","78.61","","0.28%"
"02/05/2012","79.11","79.07","79.52","78.36","","0.24%"
"01/29/2012","78.92","78.80","79.57","78.62","","0.03%"
"01/22/2012","78.90","80.41","80.41","78.77","","-1.65%"
"01/15/2012","80.22","81.70","81.70","80.00","","-1.59%"
"01/08/2012","81.52","81.40","81.78","80.53","","0.33%"
"01/01/2012","81.25","80.28","81.38","79.52","","1.33%"
"12/25/2011","80.18","80.00","80.85","79.71","","0.31%"
"12/18/2011","79.93","80.19","80.49","79.24","","-0.41%"
"12/11/2011","80.26","78.72","80.73","78.63","","2.07%"
"12/04/2011","78.63","78.47","79.11","78.11","","0.01%"
"11/27/2011","78.62","79.21","79.40","77.92","","-1.34%"
"11/20/2011","79.69","78.08","79.70","77.97","","2.09%"
"11/13/2011","78.06","76.77","78.47","76.75","","1.46%"
"11/06/2011","76.94","76.93","78.17","76.51","","-0.03%"
"10/30/2011","76.96","75.01","77.68","74.98","","2.52%"
"10/23/2011","75.07","76.47","76.66","74.72","","-1.73%"
"10/16/2011","76.39","76.63","77.55","76.23","","-0.30%"
"10/09/2011","76.62","78.84","78.69","76.51","","-2.68%"
"10/02/2011","78.73","79.02","79.84","78.06","","0.23%"
"09/25/2011","78.55","78.13","78.86","77.31","","0.06%"
"09/18/2011","78.50","77.02","78.80","76.79","","2.48%"
"09/11/2011","76.60","77.38","77.78","76.07","","-0.76%"
"09/04/2011","77.19","74.90","77.28","74.67","","3.25%"
"08/28/2011","74.76","73.75","74.77","73.53","","1.29%"
"08/21/2011","73.81","74.06","74.46","73.57","","-0.27%"
"08/14/2011","74.01","74.54","74.61","73.45","","-0.80%"
"08/07/2011","74.61","74.02","75.06","73.82","","0.01%"
"07/31/2011","74.60","73.81","75.42","73.58","","0.95%"
"07/24/2011","73.90","74.10","74.51","73.42","","-0.40%"
"07/17/2011","74.20","75.25","75.75","73.89","","-1.24%"
"07/10/2011","75.13","75.33","76.72","74.69","","-0.07%"
"07/03/2011","75.18","74.28","75.42","74.13","","1.12%"
"06/26/2011","74.35","75.49","75.99","74.19","","-1.74%"
"06/19/2011","75.67","75.15","75.80","74.50","","0.91%"
"06/12/2011","74.99","74.90","76.02","74.23","","0.25%"
"06/05/2011","74.80","73.80","74.92","73.51","","1.38%"
"05/29/2011","73.78","74.86","75.02","73.70","","-1.56%"
"05/22/2011","74.95","75.73","76.37","74.75","","-0.65%"
"05/15/2011","75.44","75.85","76.00","74.96","","-0.42%"
"05/08/2011","75.76","74.77","75.95","74.40","","1.23%"
"05/01/2011","74.84","72.99","74.92","72.70","","2.62%"
"04/24/2011","72.93","74.07","74.33","72.83","","-1.45%"
"04/17/2011","74.00","74.89","75.81","73.73","","-1.11%"
"04/10/2011","74.83","74.92","75.20","74.62","","-0.32%"
"04/03/2011","75.07","75.84","76.15","74.84","","-1.00%"
"03/27/2011","75.83","76.33","76.61","75.66","","-0.51%"
"03/20/2011","76.22","75.54","76.28","75.34","","0.66%"
"03/13/2011","75.72","76.52","77.04","75.54","","-1.38%"
"03/06/2011","76.78","76.36","77.38","76.12","","0.50%"
"02/27/2011","76.40","77.22","77.39","76.28","","-1.14%"
"02/20/2011","77.28","77.58","78.33","76.94","","-0.49%"
"02/13/2011","77.66","78.60","78.87","77.53","","-1.02%"
"02/06/2011","78.46","78.14","78.70","77.50","","0.54%"
"01/30/2011","78.04","78.11","78.33","76.88","","-0.12%"
"01/23/2011","78.13","78.08","78.51","77.59","","-0.10%"
"01/16/2011","78.21","79.06","79.60","78.10","","-1.20%"
"01/09/2011","79.16","81.16","81.31","78.81","","-2.28%"
"01/02/2011","81.01","79.14","81.14","78.89","","2.51%"
"12/26/2010","79.03","80.66","80.66","78.78","","-1.83%"
"12/19/2010","80.50","80.42","80.83","80.24","","0.16%"
"12/12/2010","80.37","80.18","80.62","78.82","","0.37%"
"12/05/2010","80.07","79.27","80.41","79.17","","0.87%"
"11/28/2010","79.38","80.20","81.44","79.06","","-1.22%"
"11/21/2010","80.36","78.31","80.52","77.97","","2.37%"
"11/14/2010","78.50","78.13","79.46","77.88","","0.54%"
"11/07/2010","78.08","76.55","78.48","76.38","","2.00%"
"10/31/2010","76.55","76.97","77.42","75.63","","-0.93%"
"10/24/2010","77.27","77.28","78.27","76.71","","-0.26%"
"10/17/2010","77.47","77.03","78.36","76.82","","0.56%"
"10/10/2010","77.04","77.18","77.93","76.14","","-0.38%"
"10/03/2010","77.33","78.12","78.69","76.91","","-0.97%"
"09/26/2010","78.09","79.33","79.82","78.03","","-1.64%"
"09/19/2010","79.39","81.41","81.50","79.25","","-2.47%"
"09/12/2010","81.40","82.47","82.48","80.86","","-1.57%"
"09/05/2010","82.70","82.04","82.99","81.88","","0.73%"
"08/29/2010","82.10","82.81","83.34","81.99","","-0.99%"
"08/22/2010","82.92","83.07","83.56","82.62","","-0.17%"
"08/15/2010","83.06","82.90","83.30","81.91","","0.13%"
"08/08/2010","82.95","80.32","82.96","80.27","","3.16%"
"08/01/2010","80.41","81.50","81.55","80.08","","-1.39%"
"07/25/2010","81.54","82.62","82.63","81.46","","-1.12%"
"07/18/2010","82.46","82.72","83.45","82.18","","-0.04%"
"07/11/2010","82.49","83.98","84.56","82.08","","-1.74%"
"07/04/2010","83.95","84.40","84.83","83.62","","-0.57%"
"06/27/2010","84.43","85.29","86.30","84.13","","-1.03%"
"06/20/2010","85.31","85.25","86.42","85.09","","-0.46%"
"06/13/2010","85.70","86.80","87.02","85.45","","-2.07%"
"06/06/2010","87.51","88.41","88.71","86.94","","-0.82%"
"05/30/2010","88.23","86.73","88.34","86.16","","2.02%"
"05/23/2010","86.48","85.76","87.45","85.62","","1.30%"
"05/16/2010","85.37","86.31","87.46","85.13","","-0.84%"
"05/09/2010","86.09","83.62","86.29","82.91","","1.94%"
"05/02/2010","84.45","81.84","85.27","81.83","","3.15%"
"04/25/2010","81.87","81.47","82.71","81.17","","0.64%"
"04/18/2010","81.35","80.96","82.07","80.76","","0.66%"
"04/11/2010","80.82","80.39","80.91","80.03","","-0.33%"
"04/04/2010","81.09","81.19","81.91","80.87","","-0.25%"
"03/28/2010","81.29","81.46","81.70","80.68","","-0.48%"
"03/21/2010","81.68","80.85","82.24","80.52","","1.19%"
"03/14/2010","80.72","79.78","80.89","79.51","","1.11%"
"03/07/2010","79.83","80.42","80.86","79.69","","-0.75%"
"02/28/2010","80.43","80.42","81.29","79.82","","0.09%"
"02/21/2010","80.36","80.43","81.13","80.09","","-0.35%"
"02/14/2010","80.64","80.36","81.34","79.56","","0.40%"
"02/07/2010","80.32","80.35","80.75","79.56","","-0.15%"
"01/31/2010","80.44","79.46","80.68","78.68","","1.23%"
"01/24/2010","79.46","78.23","79.50","78.03","","1.51%"
"01/17/2010","78.28","77.36","78.81","76.94","","1.24%"
"01/10/2010","77.32","77.21","77.41","76.60","","-0.19%"
"01/03/2010","77.47","77.92","78.19","77.09","","-0.50%"
"12/27/2009","77.86","77.64","78.22","77.33","","0.28%"
"12/20/2009","77.64","77.85","78.45","77.50","","-0.23%"
"12/13/2009","77.82","76.57","78.14","76.25","","1.63%"
"12/06/2009","76.57","75.76","76.73","75.45","","0.87%"
"11/29/2009","75.91","74.80","75.94","74.27","","1.21%"
"11/22/2009","75.00","75.58","75.58","74.17","","-0.87%"
"11/15/2009","75.66","75.07","75.88","74.68","","0.44%"
"11/08/2009","75.33","75.59","75.77","74.77","","-0.65%"
"11/01/2009","75.82","76.37","76.82","75.50","","-0.63%"
"10/25/2009","76.30","75.42","76.58","75.20","","1.10%"
"10/18/2009","75.47","75.67","75.91","74.94","","-0.17%"
"10/11/2009","75.60","76.35","76.67","75.21","","-1.09%"
"10/04/2009","76.43","76.94","76.99","75.77","","-0.74%"
"09/27/2009","77.00","76.63","77.47","76.49","","0.25%"
"09/20/2009","76.81","76.58","77.11","75.83","","0.51%"
"09/13/2009","76.42","76.58","77.08","76.01","","-0.25%"
"09/06/2009","76.61","78.13","78.12","76.46","","-1.96%"
"08/30/2009","78.14","78.27","78.94","77.94","","-0.29%"
"08/23/2009","78.37","78.00","78.83","77.85","","0.42%"
"08/16/2009","78.04","78.90","79.51","77.75","","-1.08%"
"08/09/2009","78.89","78.98","79.39","78.23","","-0.10%"
"08/02/2009","78.97","78.25","79.07","77.43","","0.79%"
"07/26/2009","78.35","78.73","79.66","78.22","","-0.51%"
"07/19/2009","78.75","79.35","79.39","78.42","","-0.76%"
"07/12/2009","79.35","80.24","80.50","79.13","","-1.10%"
"07/05/2009","80.23","80.52","80.89","79.69","","-0.27%"
"06/28/2009","80.45","79.87","80.61","79.35","","0.69%"
"06/21/2009","79.90","80.27","80.94","79.56","","-0.54%"
"06/14/2009","80.33","80.27","81.37","79.97","","0.25%"
"06/07/2009","80.13","80.80","81.47","79.19","","-0.67%"
"05/31/2009","80.67","79.35","80.82","78.33","","1.82%"
"05/24/2009","79.23","79.91","81.13","79.18","","-1.01%"
"05/17/2009","80.04","82.96","83.22","79.81","","-3.51%"
"05/10/2009","82.95","82.42","83.10","81.87","","0.62%"
"05/03/2009","82.44","84.47","84.87","82.39","","-2.48%"
"04/26/2009","84.54","84.73","86.01","83.89","","-0.21%"
"04/19/2009","84.72","85.89","86.87","84.46","","-1.37%"
"04/12/2009","85.90","85.56","86.03","84.45","","0.42%"
"04/05/2009","85.54","84.05","86.00","83.73","","1.62%"
"03/29/2009","84.18","85.50","86.12","84.05","","-1.13%"
"03/22/2009","85.14","83.49","85.35","82.89","","1.71%"
"03/15/2009","83.71","87.48","87.77","82.63","","-4.06%"
"03/08/2009","87.25","88.52","89.46","87.18","","-1.47%"
"03/01/2009","88.55","88.58","89.62","87.88","","0.43%"
"02/22/2009","88.17","86.79","88.49","85.63","","1.82%"
"02/15/2009","86.59","86.49","88.25","86.23","","0.58%"
"02/08/2009","86.09","85.19","86.73","84.47","","0.94%"
"02/01/2009","85.29","86.08","86.55","84.75","","-0.63%"
"01/25/2009","85.83","85.58","86.28","83.57","","0.29%"
"01/18/2009","85.58","83.74","86.81","83.45","","1.82%"
"01/11/2009","84.05","83.17","85.14","83.17","","1.90%"
"01/04/2009","82.48","81.54","84.02","81.18","","1.20%"
"12/28/2008","81.50","80.92","81.92","79.63","","0.65%"
"12/21/2008","80.97","80.97","81.49","80.35","","-0.12%"
"12/14/2008","81.07","83.69","83.69","77.69","","-3.15%"
"12/07/2008","83.71","86.87","86.91","83.21","","-3.91%"
"11/30/2008","87.12","86.42","87.70","86.09","","0.69%"
"11/23/2008","86.52","87.61","87.72","84.71","","-1.89%"
"11/16/2008","88.19","87.57","88.46","86.14","","2.12%"
"11/09/2008","86.36","85.68","88.15","85.06","","0.52%"
"11/02/2008","85.91","85.81","86.90","83.90","","0.33%"
"10/26/2008","85.63","86.32","87.88","83.10","","-0.94%"
"10/19/2008","86.44","82.50","86.97","82.39","","4.89%"
"10/12/2008","82.41","81.58","82.84","80.75","","-0.71%"
"10/05/2008","83.00","81.09","83.19","80.40","","3.35%"
"09/28/2008","80.31","76.91","80.93","76.90","","4.37%"
"09/21/2008","76.95","77.58","77.80","75.89","","-0.94%"
"09/14/2008","77.68","78.42","79.37","77.26","","-1.63%"
"09/07/2008","78.97","78.72","80.38","78.20","","0.05%"
"08/31/2008","78.93","77.75","79.08","77.66","","2.00%"
"08/24/2008","77.38","76.79","77.62","76.55","","0.74%"
"08/17/2008","76.81","77.14","77.41","76.02","","-0.48%"
"08/10/2008","77.18","75.82","77.27","75.49","","1.77%"
"08/03/2008","75.84","73.37","75.90","73.20","","3.30%"
"07/27/2008","73.42","72.82","73.54","72.61","","0.77%"
"07/20/2008","72.86","72.19","73.02","71.74","","0.93%"
"07/13/2008","72.19","71.86","72.41","71.31","","0.12%"
"07/06/2008","72.10","72.69","73.16","71.80","","-0.87%"
"06/29/2008","72.73","72.33","72.85","72.00","","0.51%"
"06/22/2008","72.36","73.07","73.65","72.27","","-0.92%"
"06/15/2008","73.03","74.01","74.18","72.93","","-1.51%"
"06/08/2008","74.15","72.29","74.31","72.13","","2.43%"
"06/01/2008","72.39","72.87","73.87","72.34","","-0.67%"
"05/25/2008","72.88","71.98","73.22","71.84","","1.38%"
"05/18/2008","71.89","72.81","73.17","71.82","","-1.30%"
"05/11/2008","72.84","73.06","73.62","72.69","","-0.29%"
"05/04/2008","73.05","73.46","73.89","72.73","","-0.61%"
"04/27/2008","73.50","72.73","73.70","72.44","","0.98%"
"04/20/2008","72.79","71.98","73.03","71.19","","1.08%"
"04/13/2008","72.01","72.36","72.41","71.28","","0.28%"
"04/06/2008","71.81","71.98","72.43","71.42","","-0.29%"
"03/30/2008","72.02","71.61","72.84","71.35","","0.47%"
"03/23/2008","71.68","72.78","73.19","71.33","","-1.47%"
"03/16/2008","72.75","71.63","72.92","70.70","","1.52%"
"03/09/2008","71.66","72.99","73.40","71.58","","-1.88%"
"03/02/2008","73.03","73.75","73.95","72.46","","-0.92%"
"02/24/2008","73.71","75.53","75.69","73.56","","-2.40%"
"02/17/2008","75.52","76.07","76.53","75.36","","-0.76%"
"02/10/2008","76.10","76.45","76.71","75.85","","-0.74%"
"02/03/2008","76.67","75.44","77.04","75.28","","1.63%"
"01/27/2008","75.44","75.94","76.02","74.85","","-0.70%"
"01/20/2008","75.97","76.66","77.35","75.62","","-0.54%"
"01/13/2008","76.38","75.61","76.52","75.20","","0.53%"
"01/06/2008","75.98","76.05","76.52","75.79","","0.25%"
"12/30/2007","75.79","75.98","76.75","75.43","","-0.56%"
"12/23/2007","76.22","77.63","77.70","76.11","","-1.93%"
"12/16/2007","77.72","77.37","77.85","77.27","","0.36%"
"12/09/2007","77.44","76.30","77.48","75.92","","1.51%"
"12/02/2007","76.29","75.93","76.82","75.59","","0.18%"
"11/25/2007","76.15","75.11","76.18","74.75","","1.47%"
"11/18/2007","75.05","75.78","75.96","74.48","","-1.03%"
"11/11/2007","75.83","75.52","76.15","75.38","","0.57%"
"11/04/2007","75.40","76.39","76.50","74.98","","-1.23%"
"10/28/2007","76.34","76.87","77.09","76.22","","-0.90%"
"10/21/2007","77.03","77.28","78.20","76.98","","-0.49%"
"10/14/2007","77.41","78.21","78.34","77.40","","-1.04%"
"10/07/2007","78.22","78.32","78.89","77.96","","-0.11%"
"09/30/2007","78.31","77.79","78.82","77.66","","0.76%"
"09/23/2007","77.72","78.39","78.69","77.67","","-1.12%"
"09/16/2007","78.60","79.66","79.85","78.40","","-1.28%"
"09/09/2007","79.62","79.91","80.00","79.30","","-0.43%"
"09/02/2007","79.96","80.81","81.14","79.84","","-1.03%"
"08/26/2007","80.79","80.70","81.05","80.44","","0.15%"
"08/19/2007","80.67","81.32","81.57","80.61","","-0.93%"
"08/12/2007","81.43","80.73","82.13","80.62","","0.93%"
"08/05/2007","80.68","80.11","80.92","79.96","","0.62%"
"07/29/2007","80.18","80.97","81.09","80.16","","-0.95%"
"07/22/2007","80.95","80.13","81.01","80.02","","0.82%"
"07/15/2007","80.29","80.53","80.67","80.12","","-0.36%"
"07/08/2007","80.58","81.46","81.58","80.44","","-1.09%"
"07/01/2007","81.47","81.87","81.95","81.24","","-0.55%"
"06/24/2007","81.92","82.34","82.48","81.90","","-0.51%"
"06/17/2007","82.34","82.84","82.86","82.32","","-0.62%"
"06/10/2007","82.85","82.71","83.27","82.62","","0.19%"
"06/03/2007","82.69","82.33","82.92","81.70","","0.45%"
"05/27/2007","82.32","82.35","82.59","82.05","","-0.01%"
"05/20/2007","82.33","82.12","82.60","82.08","","0.16%"
"05/13/2007","82.20","82.10","82.40","81.66","","0.10%"
"05/06/2007","82.12","81.61","82.38","81.53","","0.46%"
"04/29/2007","81.74","81.52","82.04","81.25","","0.26%"
"04/22/2007","81.53","81.63","81.93","81.27","","-0.13%"
"04/15/2007","81.64","82.03","82.19","81.51","","-0.60%"
"04/08/2007","82.13","83.00","83.18","81.97","","-1.04%"
"04/01/2007","82.99","82.91","83.21","82.59","","0.07%"
"03/25/2007","82.93","83.39","83.46","82.64","","-0.42%"
"03/18/2007","83.28","83.17","83.50","82.65","","0.06%"
"03/11/2007","83.23","84.23","84.28","83.03","","-1.20%"
"03/04/2007","84.24","83.73","84.38","83.61","","0.60%"
"02/25/2007","83.74","83.97","84.09","83.40","","-0.39%"
"02/18/2007","84.07","84.10","84.53","83.89","","-0.02%"
"02/11/2007","84.09","84.83","85.21","83.94","","-0.92%"
"02/04/2007","84.87","84.98","85.20","84.65","","-0.11%"
"01/28/2007","84.96","85.15","85.38","84.40","","-0.38%"
"01/21/2007","85.28","84.90","85.43","84.49","","0.49%"
"01/14/2007","84.86","84.94","85.26","84.64","","-0.20%"
"01/07/2007","85.03","84.64","85.40","84.43","","0.47%"
"12/31/2006","84.63","83.46","84.81","83.15","","1.09%"
"12/24/2006","83.72","83.84","84.13","83.53","","-0.26%"
"12/17/2006","83.94","84.03","84.22","83.21","","-0.14%"
"12/10/2006","84.06","83.34","84.14","82.88","","0.88%"
"12/03/2006","83.33","82.36","83.34","82.24","","1.03%"
"11/26/2006","82.48","83.35","83.78","82.36","","-1.47%"
"11/19/2006","83.71","85.34","85.48","83.56","","-1.94%"
"11/12/2006","85.37","85.02","85.70","84.84","","0.38%"
"11/05/2006","85.05","85.70","85.93","84.70","","-0.77%"
"10/29/2006","85.71","85.57","85.91","85.15","","0.18%"
"10/22/2006","85.56","86.30","86.92","85.43","","-0.82%"
"10/15/2006","86.27","87.17","87.20","86.14","","-0.98%"
"10/08/2006","87.12","86.53","87.30","86.44","","0.79%"
"10/01/2006","86.44","86.01","86.65","85.47","","0.55%"
"09/24/2006","85.97","85.18","86.22","84.97","","0.90%"
"09/17/2006","85.20","86.06","86.14","84.91","","-0.92%"
"09/10/2006","85.99","85.97","86.17","85.46","","0.05%"
"09/03/2006","85.95","84.87","86.06","84.73","","1.19%"
"08/27/2006","84.94","85.39","85.46","84.72","","-0.52%"
"08/20/2006","85.38","85.02","85.55","84.42","","0.34%"
"08/13/2006","85.09","85.49","85.75","84.61","","-0.50%"
"08/06/2006","85.52","84.53","85.58","84.42","","1.12%"
"07/30/2006","84.57","85.39","85.63","84.39","","-1.02%"
"07/23/2006","85.44","85.86","86.77","85.32","","-0.57%"
"07/16/2006","85.93","86.17","87.33","85.85","","-0.19%"
"07/09/2006","86.09","85.03","86.28","84.97","","1.31%"
"07/02/2006","84.98","85.20","85.76","84.77","","-0.28%"
"06/25/2006","85.22","86.86","86.89","85.14","","-1.84%"
"06/18/2006","86.82","86.01","87.05","85.63","","1.05%"
"06/11/2006","85.92","85.89","86.50","85.66","","0.23%"
"06/04/2006","85.72","84.06","86.06","83.72","","1.99%"
"05/28/2006","84.05","85.07","85.27","83.91","","-1.42%"
"05/21/2006","85.26","84.91","85.47","84.27","","0.45%"
"05/14/2006","84.88","83.61","85.35","83.60","","1.10%"
"05/07/2006","83.96","85.09","85.49","83.61","","-1.36%"
"04/30/2006","85.12","85.93","86.36","85.00","","-1.15%"
"04/23/2006","86.11","87.73","87.92","86.00","","-2.20%"
"04/16/2006","88.05","88.76","89.16","87.73","","-1.75%"
"04/09/2006","89.62","89.60","89.86","89.21","","-0.01%"
"04/02/2006","89.63","89.74","90.40","88.44","","-0.11%"
"03/26/2006","89.73","90.05","90.45","89.28","","-0.38%"
"03/19/2006","90.07","89.07","90.62","88.95","","1.29%"
"03/12/2006","88.92","90.83","90.87","88.85","","-2.12%"
"03/05/2006","90.85","89.36","91.16","89.28","","1.33%"
"02/26/2006","89.66","90.86","90.89","89.50","","-1.05%"
"02/19/2006","90.61","90.45","90.89","90.09","","-0.03%"
"02/12/2006","90.64","90.55","91.02","90.17","","0.10%"
"02/05/2006","90.55","89.86","90.57","89.70","","0.73%"
"01/29/2006","89.89","89.27","90.23","88.69","","0.64%"
"01/22/2006","89.32","88.79","89.40","87.83","","0.42%"
"01/15/2006","88.95","89.11","89.65","88.93","","0.07%"
"01/08/2006","88.89","88.96","89.67","88.73","","0.05%"
"01/01/2006","88.85","90.75","90.94","88.80","","-2.54%"
"12/25/2005","91.17","90.90","91.47","90.52","","0.36%"
"12/18/2005","90.84","89.60","91.23","89.58","","1.27%"
"12/11/2005","89.70","91.43","91.51","89.52","","-1.70%"
"12/04/2005","91.25","92.00","92.19","91.03","","-0.76%"
"11/27/2005","91.95","92.05","92.32","90.80","","-0.10%"
"11/20/2005","92.04","91.87","92.33","91.15","","0.12%"
"11/13/2005","91.93","91.76","92.63","91.50","","-0.05%"
"11/06/2005","91.98","91.39","92.13","91.17","","0.79%"
"10/30/2005","91.26","89.61","91.37","89.40","","1.86%"
"10/23/2005","89.59","90.32","90.43","88.82","","-0.80%"
"10/16/2005","90.31","89.52","90.74","89.16","","1.07%"
"10/09/2005","89.35","89.05","90.43","88.93","","0.20%"
"10/02/2005","89.17","89.51","90.24","88.53","","-0.39%"
"09/25/2005","89.52","89.38","89.82","89.03","","0.35%"
"09/18/2005","89.21","88.52","89.21","87.75","","1.32%"
"09/11/2005","88.05","86.84","88.30","86.75","","1.34%"
"09/04/2005","86.89","86.64","87.20","86.24","","0.68%"
"08/28/2005","86.30","87.74","88.68","86.02","","-1.78%"
"08/21/2005","87.86","88.59","88.66","87.43","","-0.81%"
"08/14/2005","88.58","86.89","88.90","86.83","","1.84%"
"08/07/2005","86.98","88.18","88.29","86.76","","-1.23%"
"07/31/2005","88.06","89.41","89.44","87.61","","-1.44%"
"07/24/2005","89.35","89.75","90.45","89.15","","-0.32%"
"07/17/2005","89.64","89.78","90.36","88.44","","-0.09%"
"07/10/2005","89.72","90.18","90.24","88.28","","-0.59%"
"07/03/2005","90.25","90.28","90.77","89.76","","0.13%"
"06/26/2005","90.13","88.72","90.23","88.32","","1.52%"
"06/19/2005","88.78","88.17","89.35","87.92","","1.20%"
"06/12/2005","87.73","88.72","89.36","87.68","","-1.08%"
"06/05/2005","88.69","88.00","88.75","87.15","","0.74%"
"05/29/2005","88.04","86.90","88.35","86.86","","1.87%"
"05/22/2005","86.42","86.65","86.93","86.10","","-0.24%"
"05/15/2005","86.63","86.22","86.74","85.77","","0.62%"
"05/08/2005","86.10","84.66","86.13","84.22","","1.76%"
"05/01/2005","84.61","84.46","84.69","83.75","","0.21%"
"04/24/2005","84.43","83.51","84.48","83.37","","1.11%"
"04/17/2005","83.50","84.50","84.73","83.36","","-1.25%"
"04/10/2005","84.56","84.49","85.32","83.95","","0.11%"
"04/03/2005","84.47","84.50","85.12","84.32","","0.05%"
"03/27/2005","84.43","84.30","84.74","83.56","","0.36%"
"03/20/2005","84.13","82.11","84.16","82.06","","2.44%"
"03/13/2005","82.13","81.32","82.40","81.31","","0.87%"
"03/06/2005","81.42","82.54","82.94","81.28","","-1.36%"
"02/27/2005","82.54","82.57","83.41","82.30","","-0.15%"
"02/20/2005","82.66","83.54","83.70","82.40","","-0.99%"
"02/13/2005","83.49","84.46","84.53","83.36","","-1.28%"
"02/06/2005","84.57","84.53","85.44","84.36","","0.21%"
"01/30/2005","84.39","83.60","84.43","83.24","","1.09%"
"01/23/2005","83.48","83.15","84.08","83.01","","0.26%"
"01/16/2005","83.26","82.93","84.00","82.83","","0.24%"
"01/09/2005","83.06","83.49","83.61","82.00","","-0.66%"
"01/02/2005","83.61","81.05","83.79","80.77","","3.41%"
"12/26/2004","80.85","81.28","81.37","80.39","","-0.46%"
"12/19/2004","81.22","82.04","82.13","81.14","","-1.14%"
"12/12/2004","82.16","82.67","82.74","81.38","","-0.47%"
"12/05/2004","82.55","80.96","83.18","80.91","","1.94%"
"11/28/2004","80.98","81.93","82.22","80.94","","-0.98%"
"11/21/2004","81.78","83.27","83.54","81.53","","-1.84%"
"11/14/2004","83.31","83.69","84.10","83.01","","-0.45%"
"11/07/2004","83.69","83.88","84.67","83.65","","-0.38%"
"10/31/2004","84.01","84.70","85.66","83.97","","-1.06%"
"10/24/2004","84.91","85.47","85.89","84.73","","-1.12%"
"10/17/2004","85.87","87.09","87.34","85.82","","-1.40%"
"10/10/2004","87.09","87.45","88.57","86.91","","-0.41%"
"10/03/2004","87.45","87.72","88.64","87.35","","-0.21%"
"09/26/2004","87.63","88.28","88.53","87.35","","-0.87%"
"09/19/2004","88.40","88.97","89.28","87.86","","-0.57%"
"09/12/2004","88.91","88.29","89.31","88.23","","0.59%"
"09/05/2004","88.39","89.60","89.73","88.11","","-1.38%"
"08/29/2004","89.63","89.80","90.07","88.70","","-0.16%"
"08/22/2004","89.77","88.15","89.83","88.04","","1.87%"
"08/15/2004","88.12","87.87","88.33","87.66","","0.25%"
"08/08/2004","87.90","88.36","89.29","87.88","","-0.52%"
"08/01/2004","88.36","89.71","90.19","88.26","","-1.78%"
"07/25/2004","89.96","89.22","90.29","88.76","","0.78%"
"07/18/2004","89.26","87.10","89.32","87.00","","2.43%"
"07/11/2004","87.14","87.27","88.10","87.09","","-0.32%"
"07/04/2004","87.42","88.03","88.36","87.28","","-0.63%"
"06/27/2004","87.97","88.99","89.58","87.94","","-1.02%"
"06/20/2004","88.88","89.07","89.65","88.62","","-0.22%"
"06/13/2004","89.08","90.21","90.42","89.04","","-1.03%"
"06/06/2004","90.01","88.41","90.19","88.04","","1.66%"
"05/30/2004","88.54","88.64","89.47","88.38","","-0.46%"
"05/23/2004","88.95","90.52","90.95","88.47","","-1.70%"
"05/16/2004","90.49","91.61","91.73","90.07","","-1.28%"
"05/09/2004","91.66","91.16","92.29","91.05","","0.58%"
"05/02/2004","91.13","90.63","91.27","89.22","","0.72%"
"04/25/2004","90.48","91.26","91.56","90.23","","-0.66%"
"04/18/2004","91.08","89.75","91.37","89.39","","1.27%"
"04/11/2004","89.94","88.93","90.66","88.83","","1.03%"
"04/04/2004","89.02","88.59","89.58","88.08","","0.58%"
"03/28/2004","88.51","88.85","89.20","87.02","","-0.43%"
"03/21/2004","88.89","88.20","89.22","87.45","","0.83%"
"03/14/2004","88.16","89.17","89.29","87.36","","-1.08%"
"03/07/2004","89.12","88.21","89.42","87.60","","1.07%"
"02/29/2004","88.18","87.10","89.84","87.03","","1.00%"
"02/22/2004","87.31","87.20","88.02","85.99","","0.08%"
"02/15/2004","87.24","85.53","87.41","84.56","","1.96%"
"02/08/2004","85.56","86.26","86.37","84.74","","-0.53%"
"02/01/2004","86.02","87.14","87.67","85.84","","-1.35%"
"01/25/2004","87.20","86.73","87.86","86.16","","0.74%"
"01/18/2004","86.56","87.65","88.07","85.48","","-1.33%"
"01/11/2004","87.73","85.12","87.87","84.80","","3.08%"
"01/04/2004","85.11","86.43","86.69","84.97","","-2.08%"
"12/28/2003","86.92","87.68","87.72","86.36","","-0.81%"
"12/21/2003","87.63","88.28","88.30","87.43","","-0.54%"
"12/14/2003","88.11","89.20","89.45","87.77","","-0.43%"
"12/07/2003","88.49","89.09","89.56","88.37","","-0.73%"
"11/30/2003","89.14","90.16","90.54","89.06","","-1.19%"
"11/23/2003","90.21","90.62","91.72","90.04","","-0.43%"
"11/16/2003","90.60","91.07","91.78","90.21","","-0.92%"
"11/09/2003","91.44","93.18","93.38","91.20","","-1.70%"
"11/02/2003","93.02","92.64","94.13","92.49","","0.31%"
"10/26/2003","92.73","91.43","92.75","91.34","","1.59%"
"10/19/2003","91.28","91.97","92.75","91.01","","-1.09%"
"10/12/2003","92.29","91.93","92.98","91.49","","0.84%"
"10/05/2003","91.52","93.14","93.42","91.25","","-1.83%"
"09/28/2003","93.23","93.85","94.35","92.08","","-0.68%"
"09/21/2003","93.87","93.77","94.39","93.39","","-1.15%"
"09/14/2003","94.96","96.13","96.90","94.73","","-1.09%"
"09/07/2003","96.01","97.21","97.51","95.78","","-1.11%"
"08/31/2003","97.09","97.88","99.37","97.02","","-1.03%"
"08/24/2003","98.10","99.01","99.49","97.87","","-0.74%"
"08/17/2003","98.83","96.56","99.25","96.53","","2.26%"
"08/10/2003","96.65","96.33","96.82","95.69","","0.30%"
"08/03/2003","96.36","96.56","96.65","95.56","","-0.31%"
"07/27/2003","96.66","95.04","97.55","94.79","","1.79%"
"07/20/2003","94.96","96.71","96.87","94.71","","-1.96%"
"07/13/2003","96.86","95.99","97.45","95.74","","1.11%"
"07/06/2003","95.80","94.52","96.15","94.49","","1.32%"
"06/29/2003","94.55","95.08","95.34","93.96","","-0.63%"
"06/22/2003","95.15","94.06","95.28","93.50","","1.18%"
"06/15/2003","94.04","92.18","94.27","91.88","","1.97%"
"06/08/2003","92.22","93.49","93.67","92.20","","-1.35%"
"06/01/2003","93.48","93.73","94.05","92.25","","0.23%"
"05/25/2003","93.27","92.65","93.92","92.21","","0.24%"
"05/18/2003","93.05","93.56","94.01","92.89","","-1.09%"
"05/11/2003","94.08","94.55","95.38","94.06","","-0.95%"
"05/04/2003","94.98","96.80","96.84","94.68","","-1.84%"
"04/27/2003","96.76","98.29","98.98","96.27","","-1.63%"
"04/20/2003","98.36","99.21","99.86","98.14","","-0.95%"
"04/13/2003","99.30","100.28","100.43","98.68","","-0.88%"
"04/06/2003","100.18","100.86","101.81","99.54","","-0.27%"
"03/30/2003","100.45","99.95","100.75","98.70","","0.49%"
"03/23/2003","99.96","101.37","101.64","99.79","","-1.92%"
"03/16/2003","101.92","99.26","102.15","99.23","","1.93%"
"03/09/2003","99.99","97.91","100.41","97.57","","1.99%"
"03/02/2003","98.04","99.74","99.92","97.57","","-1.67%"
"02/23/2003","99.71","100.13","100.45","99.24","","-0.38%"
"02/16/2003","100.09","100.25","100.69","99.38","","0.05%"
"02/09/2003","100.04","99.64","100.89","99.41","","0.47%"
"02/02/2003","99.57","100.26","100.44","98.65","","-0.34%"
"01/26/2003","99.91","99.23","100.19","98.76","","0.70%"
"01/19/2003","99.22","100.88","100.96","99.13","","-1.32%"
"01/12/2003","100.55","101.42","101.70","100.31","","-0.67%"
"01/05/2003","101.23","102.28","102.97","101.22","","-1.21%"
"12/29/2002","102.47","102.42","103.20","101.82","","0.06%"
"12/22/2002","102.41","103.20","103.98","102.39","","-1.01%"
"12/15/2002","103.46","103.88","104.28","103.10","","-0.50%"
"12/08/2002","103.98","105.16","105.63","103.83","","-1.31%"
"12/01/2002","105.36","106.57","107.31","104.92","","-0.99%"
"11/24/2002","106.41","106.27","106.97","106.10","","0.27%"
"11/17/2002","106.12","105.14","106.20","104.71","","1.03%"
"11/10/2002","105.04","104.57","105.65","104.12","","0.52%"
"11/03/2002","104.50","106.09","106.42","104.34","","-1.49%"
"10/27/2002","106.08","108.20","108.33","105.75","","-1.70%"
"10/20/2002","107.92","108.38","108.74","107.61","","-0.55%"
"10/13/2002","108.52","107.05","108.62","106.96","","1.18%"
"10/06/2002","107.25","107.76","108.14","106.71","","-0.33%"
"09/29/2002","107.60","107.08","108.07","106.50","","0.07%"
"09/22/2002","107.53","107.52","108.13","107.03","","0.00%"
"09/15/2002","107.53","108.47","109.67","106.78","","-0.49%"
"09/08/2002","108.06","106.73","108.28","106.58","","1.14%"
"09/01/2002","106.84","106.43","106.84","105.41","","-0.13%"
"08/25/2002","106.98","108.14","108.26","106.27","","-0.92%"
"08/18/2002","107.97","106.64","108.48","106.35","","1.17%"
"08/11/2002","106.72","107.76","108.30","106.18","","-1.38%"
"08/04/2002","108.21","107.02","109.00","106.55","","1.44%"
"07/28/2002","106.67","106.70","107.91","106.28","","0.06%"
"07/21/2002","106.61","104.34","106.82","104.10","","2.45%"
"07/14/2002","104.06","105.36","105.89","103.54","","-1.73%"
"07/07/2002","105.89","106.46","107.70","105.44","","-1.65%"
"06/30/2002","107.67","105.76","107.88","105.67","","1.47%"
"06/23/2002","106.11","108.07","108.53","105.37","","-1.92%"
"06/16/2002","108.19","110.83","111.13","107.96","","-2.32%"
"06/09/2002","110.76","111.39","111.47","110.26","","-0.21%"
"06/02/2002","110.99","111.93","112.04","110.56","","-0.73%"
"05/26/2002","111.81","112.87","113.11","110.88","","-0.88%"
"05/19/2002","112.80","113.06","113.38","112.16","","-0.18%"
"05/12/2002","113.00","113.77","115.32","112.91","","-0.83%"
"05/05/2002","113.95","113.85","115.09","113.39","","0.32%"
"04/28/2002","113.59","114.98","115.39","113.50","","-1.26%"
"04/21/2002","115.04","116.55","116.78","115.00","","-1.07%"
"04/14/2002","116.29","117.48","117.79","116.19","","-1.23%"
"04/07/2002","117.74","117.84","118.35","117.18","","0.04%"
"03/31/2002","117.69","118.56","118.70","117.12","","-0.78%"
"03/24/2002","118.62","118.13","118.80","117.77","","0.48%"
"03/17/2002","118.05","117.66","118.24","117.05","","0.71%"
"03/10/2002","117.22","117.95","118.43","116.82","","-0.65%"
"03/03/2002","117.99","119.38","119.49","116.76","","-1.18%"
"02/24/2002","119.40","118.58","120.04","118.41","","0.78%"
"02/17/2002","118.48","118.46","119.37","118.09","","-0.10%"
"02/10/2002","118.60","119.08","119.37","118.10","","-0.32%"
"02/03/2002","118.98","119.83","119.93","118.74","","-0.68%"
"01/27/2002","119.79","119.70","120.51","119.12","","-0.05%"
"01/20/2002","119.85","117.60","119.99","117.35","","1.99%"
"01/13/2002","117.51","116.51","118.11","116.34","","0.75%"
"01/06/2002","116.64","115.98","117.35","115.85","","0.27%"
"12/30/2001","116.33","117.26","117.42","115.54","","-0.79%"
"12/23/2001","117.26","116.65","118.26","116.56","","0.24%"
"12/16/2001","116.98","115.03","117.06","114.43","","1.78%"
"12/09/2001","114.93","116.06","116.76","114.83","","-1.05%"
"12/02/2001","116.15","115.61","116.64","115.48","","0.02%"
"11/25/2001","116.13","117.13","117.43","115.22","","-1.02%"
"11/18/2001","117.33","116.66","117.42","116.33","","0.79%"
"11/11/2001","116.41","115.13","116.83","114.34","","1.15%"
"11/04/2001","115.09","114.88","115.52","114.17","","0.48%"
"10/28/2001","114.54","115.18","115.61","113.66","","-0.96%"
"10/21/2001","115.65","114.89","116.27","114.79","","0.69%"
"10/14/2001","114.86","113.48","115.04","113.40","","0.85%"
"10/07/2001","113.89","112.74","114.87","112.27","","0.87%"
"09/30/2001","112.91","113.69","113.73","112.56","","-0.50%"
"09/23/2001","113.48","112.81","113.69","112.04","","0.39%"
"09/16/2001","113.04","111.98","113.44","111.31","","-1.34%"
"09/09/2001","114.57","113.92","114.83","113.78","","0.46%"
"09/02/2001","114.05","113.48","116.08","113.40","","0.56%"
"08/26/2001","113.42","113.40","114.27","112.54","","0.08%"
"08/19/2001","113.33","113.08","113.82","112.32","","0.30%"
"08/12/2001","112.99","115.27","115.42","112.45","","-1.99%"
"08/05/2001","115.29","116.26","117.16","114.99","","-0.73%"
"07/29/2001","116.14","116.88","117.46","115.80","","-0.68%"
"07/22/2001","116.94","117.47","118.10","116.34","","-0.23%"
"07/15/2001","117.21","119.22","119.93","116.65","","-1.78%"
"07/08/2001","119.33","119.93","120.20","118.12","","-0.48%"
"07/01/2001","119.90","119.39","121.02","119.24","","0.39%"
"06/24/2001","119.43","118.76","120.13","117.79","","0.44%"
"06/17/2001","118.91","118.20","119.62","118.01","","0.52%"
"06/10/2001","118.29","119.35","120.33","117.43","","-0.77%"
"06/03/2001","119.21","119.14","119.66","118.32","","0.27%"
"05/27/2001","118.89","118.04","119.39","117.97","","0.60%"
"05/20/2001","118.18","116.37","118.76","116.14","","1.52%"
"05/13/2001","116.41","116.96","117.34","115.74","","-0.37%"
"05/06/2001","116.84","115.16","117.08","115.09","","1.66%"
"04/29/2001","114.93","115.67","116.14","114.27","","-0.60%"
"04/22/2001","115.62","114.19","115.85","113.86","","1.14%"
"04/15/2001","114.32","116.37","117.56","114.23","","-1.06%"
"04/08/2001","115.54","114.71","116.66","114.61","","0.69%"
"04/01/2001","114.75","117.70","117.82","114.36","","-2.23%"
"03/25/2001","117.37","116.05","117.63","114.95","","1.23%"
"03/18/2001","115.94","115.26","116.79","113.79","","0.54%"
"03/11/2001","115.32","111.47","115.76","111.38","","3.48%"
"03/04/2001","111.44","111.13","112.01","110.93","","0.24%"
"02/25/2001","111.17","112.17","113.07","110.82","","-0.77%"
"02/18/2001","112.03","112.52","113.62","111.68","","-0.20%"
"02/11/2001","112.26","111.65","113.28","111.04","","0.66%"
"02/04/2001","111.52","110.20","112.57","109.48","","1.09%"
"01/28/2001","110.32","111.53","112.08","109.40","","-1.02%"
"01/21/2001","111.46","110.53","112.65","109.74","","0.72%"
"01/14/2001","110.66","109.94","111.10","109.37","","1.19%"
"01/07/2001","109.36","108.33","110.10","108.23","","0.87%"
"12/31/2000","108.42","109.33","110.40","108.09","","-1.04%"
"12/24/2000","109.56","110.46","110.83","109.46","","-1.14%"
"12/17/2000","110.82","112.98","113.66","110.47","","-1.84%"
"12/10/2000","112.90","114.07","115.18","112.48","","-1.01%"
"12/03/2000","114.05","114.70","114.94","112.79","","-0.59%"
"11/26/2000","114.73","118.54","118.61","114.61","","-3.17%"
"11/19/2000","118.48","117.20","118.69","116.92","","1.00%"
"11/12/2000","117.31","115.73","117.35","115.27","","1.31%"
"11/05/2000","115.79","114.92","116.62","114.35","","0.71%"
"10/29/2000","114.97","117.37","117.69","112.75","","-2.06%"
"10/22/2000","117.39","117.19","119.07","117.00","","0.20%"
"10/15/2000","117.16","115.81","117.87","115.51","","1.12%"
"10/08/2000","115.86","114.66","115.96","113.87","","0.88%"
"10/01/2000","114.85","113.14","115.03","112.95","","1.41%"
"09/24/2000","113.25","113.42","114.20","112.64","","-0.27%"
"09/17/2000","113.56","116.11","116.75","111.62","","-2.05%"
"09/10/2000","115.94","114.81","115.99","114.12","","1.40%"
"09/03/2000","114.34","111.61","114.90","111.50","","2.62%"
"08/27/2000","111.42","111.26","112.93","111.07","","0.06%"
"08/20/2000","111.35","110.93","112.26","110.84","","0.31%"
"08/13/2000","111.01","111.21","111.59","110.10","","-0.18%"
"08/06/2000","111.21","110.85","111.71","110.29","","0.32%"
"07/30/2000","110.85","109.76","111.65","109.35","","1.01%"
"07/23/2000","109.74","108.51","109.87","107.83","","1.22%"
"07/16/2000","108.42","108.32","109.92","108.29","","-0.03%"
"07/09/2000","108.45","107.53","108.93","106.78","","0.74%"
"07/02/2000","107.65","106.82","107.69","106.70","","0.76%"